{"cameraMode":{"drawMode":0,"name":"Shaded","section":"Shading Mode"},"sceneLighting":true,"audioPlay":false,"sceneViewState":{"m_AlwaysRefresh":false,"showFog":true,"showSkybox":true,"showFlares":true,"showImageEffects":true,"showParticleSystems":true,"showVisualEffectGraphs":true,"m_FxEnabled":true},"in2DMode":false,"pivot":{"x":0.7797489762306213,"y":-0.12351485341787338,"z":0.27137911319732668},"rotation":{"x":-0.24292488396167756,"y":0.534419596195221,"z":-0.16373604536056519,"w":-0.7928451299667358},"size":0.9900715351104736,"orthographic":true}